MarcaId,FechaVencimiento,NumeroDeLote
1834,2024-09-09,Lote-9201-rC
397,2024-04-09,Lote-8080-mp
1129,2025-01-10,Lote-4463-xf
1046,2026-02-18,Lote-4088-QD
611,2026-04-09,Lote-2994-GN
2299,2024-08-09,Lote-8951-aX
532,2026-01-13,Lote-9872-yH
1063,2025-06-21,Lote-2496-qd
161,2026-01-04,Lote-2677-Is
1045,2026-10-08,Lote-5042-qj
709,2024-09-26,Lote-7948-RW
1553,2026-03-29,Lote-6709-CG
2246,2026-08-04,Lote-7651-nE
2300,2026-07-13,Lote-3154-NM
714,2024-06-12,Lote-5461-tZ
1129,2025-09-20,Lote-2030-Sf
271,2023-12-04,Lote-1611-dq
2105,2026-11-06,Lote-9984-ei
858,2025-09-24,Lote-8388-KS
88,2026-02-26,Lote-6286-rb
2000,2026-04-04,Lote-5384-yS
1339,2026-11-19,Lote-8972-cb
2482,2024-06-30,Lote-7903-JE
671,2024-05-10,Lote-9332-RT
2320,2026-03-22,Lote-0745-fj
1863,2026-08-09,Lote-7028-VE
1518,2024-03-01,Lote-4978-PE
983,2025-04-01,Lote-2207-fO
406,2025-06-20,Lote-3157-mm
914,2026-03-05,Lote-6461-zl
1680,2026-11-01,Lote-8589-JB
2231,2024-02-09,Lote-8962-Xn
1389,2025-06-10,Lote-9781-GR
1688,2024-03-11,Lote-5591-tp
2287,2025-04-23,Lote-7497-VX
1396,2025-09-24,Lote-7621-MI
1608,2025-07-21,Lote-4718-BR
73,2025-03-02,Lote-1482-iD
1211,2024-02-22,Lote-8412-ck
1941,2026-09-15,Lote-1871-DJ
2123,2025-06-24,Lote-0644-zU
1308,2026-06-03,Lote-2499-ry
483,2024-12-11,Lote-1953-jZ
1716,2023-12-10,Lote-6171-qZ
2486,2026-10-28,Lote-0118-su
780,2025-10-11,Lote-9292-Tr
2017,2025-09-23,Lote-2880-uS
130,2023-12-17,Lote-7098-FW
1413,2026-02-19,Lote-2286-Yi
2287,2026-11-19,Lote-4107-TC
970,2026-03-22,Lote-2217-KO
1488,2026-07-06,Lote-1997-cf
381,2026-04-21,Lote-2374-rU
1177,2023-12-10,Lote-2027-xa
723,2024-02-26,Lote-6753-NG
4,2026-03-28,Lote-0614-Ga
130,2025-08-01,Lote-2291-kS
2276,2024-03-09,Lote-7292-JB
2033,2025-04-18,Lote-0885-jk
2257,2024-06-12,Lote-9342-UD
17,2026-10-01,Lote-8173-JE
496,2025-06-01,Lote-1220-yR
1018,2024-10-15,Lote-7076-KE
2426,2024-04-03,Lote-3815-ld
62,2025-11-12,Lote-4806-yE
1984,2023-12-25,Lote-3279-KE
2337,2026-10-16,Lote-4038-uI
2389,2024-05-08,Lote-3765-hF
745,2025-02-27,Lote-0901-vv
874,2026-03-09,Lote-8957-sa
1205,2024-03-10,Lote-0621-pB
860,2026-04-10,Lote-5622-QG
895,2025-01-02,Lote-3387-VP
60,2025-01-30,Lote-2205-oB
2153,2024-09-19,Lote-6099-eS
1277,2024-05-04,Lote-2010-rx
139,2026-04-28,Lote-5418-Pg
330,2025-12-18,Lote-0358-Uj
206,2024-04-22,Lote-1553-ax
1528,2026-10-07,Lote-6101-Np
1005,2024-12-25,Lote-4211-Ou
2498,2026-03-29,Lote-2548-Pu
104,2024-11-02,Lote-8667-eH
1889,2023-12-11,Lote-2067-zc
790,2024-04-03,Lote-1631-wC
1300,2025-03-04,Lote-2586-Yq
787,2026-03-21,Lote-5799-zN
562,2026-11-24,Lote-4859-bD
771,2026-11-28,Lote-6227-XH
674,2024-11-16,Lote-9726-Im
1891,2026-11-29,Lote-0518-jF
849,2025-04-17,Lote-7730-Vw
1584,2025-10-07,Lote-2482-rs
2149,2025-02-07,Lote-2933-OL
2017,2024-01-12,Lote-8033-cW
644,2024-12-07,Lote-6955-Av
2036,2025-12-18,Lote-9170-PQ
2418,2026-07-13,Lote-5954-pi
244,2024-11-06,Lote-6626-rI
1962,2026-07-05,Lote-3088-gZ
2006,2025-01-31,Lote-0794-DD
401,2026-06-02,Lote-9133-qn
2060,2025-06-04,Lote-2706-XI
2492,2025-09-02,Lote-1263-lo
1262,2026-11-03,Lote-9647-dq
1485,2026-07-04,Lote-7038-PJ
1683,2026-09-24,Lote-8266-Wf
2229,2026-02-16,Lote-7474-qU
159,2024-06-27,Lote-2054-ID
588,2024-05-11,Lote-0160-Ni
801,2026-05-04,Lote-1668-Ps
2286,2024-11-22,Lote-4375-uk
1928,2026-10-27,Lote-2824-tr
63,2024-02-03,Lote-5456-wv
477,2026-11-29,Lote-4922-fE
2356,2025-10-23,Lote-4656-vE
752,2025-11-27,Lote-8200-vm
2122,2026-04-24,Lote-5333-zG
923,2025-12-11,Lote-6774-Kx
2403,2026-09-27,Lote-1071-tD
1778,2026-04-03,Lote-2736-oG
1384,2024-07-05,Lote-7503-fl
821,2026-05-25,Lote-0147-eB
2356,2026-11-11,Lote-4849-rD
1403,2026-09-24,Lote-9198-eQ
1453,2024-02-04,Lote-1704-jF
781,2025-12-03,Lote-1306-ry
2440,2025-09-24,Lote-3510-nf
1856,2024-06-13,Lote-8962-kk
1552,2024-07-21,Lote-1809-kF
44,2024-10-03,Lote-4746-HO
1306,2025-08-03,Lote-7174-ZF
1617,2025-10-22,Lote-5194-ts
643,2026-06-10,Lote-9700-uj
1025,2025-10-25,Lote-9045-Mx
2004,2024-05-01,Lote-3266-Xy
1234,2024-06-16,Lote-6842-UJ
525,2026-04-27,Lote-0016-RG
1798,2025-07-11,Lote-5062-oe
1177,2024-08-06,Lote-5021-AR
1362,2025-06-03,Lote-6540-Ku
239,2024-10-04,Lote-6838-dX
1647,2024-08-05,Lote-6886-lx
167,2026-04-24,Lote-2940-lR
1070,2025-12-08,Lote-4361-sF
475,2025-02-04,Lote-3025-rf
1055,2023-12-24,Lote-7686-xm
1763,2025-11-20,Lote-8450-hl
938,2026-03-20,Lote-2516-rV
952,2025-02-25,Lote-8606-sy
885,2024-12-18,Lote-3088-CQ
1696,2024-01-21,Lote-8883-Xi
975,2026-05-20,Lote-5546-gz
931,2024-08-07,Lote-8804-WV
2269,2024-06-12,Lote-4457-GV
1345,2025-01-15,Lote-1452-Wf
1105,2026-02-21,Lote-1013-TF
1067,2024-06-12,Lote-0309-wO
2324,2025-01-27,Lote-6622-qU
304,2024-12-06,Lote-7767-ii
1330,2026-02-02,Lote-4576-mE
78,2024-04-16,Lote-0946-xX
503,2025-01-28,Lote-6257-wI
977,2025-01-08,Lote-1948-AZ
2441,2026-04-20,Lote-9535-qp
774,2025-05-30,Lote-8043-Pz
1557,2024-08-21,Lote-7569-oT
953,2024-11-10,Lote-8622-Ry
587,2026-11-16,Lote-2852-lj
2223,2025-12-15,Lote-6856-Bq
1527,2025-05-13,Lote-7379-Kw
1868,2024-11-27,Lote-2818-QE
295,2024-05-29,Lote-9390-Br
912,2025-06-20,Lote-3062-mi
1706,2026-04-14,Lote-7715-Dw
1219,2025-04-25,Lote-5204-cl
55,2024-08-20,Lote-2885-gT
1508,2024-09-21,Lote-7923-TS
1105,2026-07-07,Lote-4603-QY
2196,2024-04-08,Lote-8435-eZ
2172,2026-01-19,Lote-7866-xk
282,2024-01-08,Lote-7394-qp
979,2024-04-29,Lote-9413-JN
357,2026-10-16,Lote-9329-if
73,2026-09-23,Lote-3157-aM
555,2025-12-08,Lote-2892-CX
393,2025-03-23,Lote-6750-Rv
85,2024-06-26,Lote-6824-ff
344,2026-11-10,Lote-6033-Rn
2500,2025-05-12,Lote-0766-iI
1384,2026-03-12,Lote-8839-xL
1786,2026-08-20,Lote-4695-ia
1863,2026-01-25,Lote-9429-QR
1645,2026-06-30,Lote-8996-ER
2194,2025-10-28,Lote-1188-XD
692,2026-01-31,Lote-7248-Cs
2428,2026-01-09,Lote-1708-nv
2228,2025-05-02,Lote-3748-Fc
874,2026-06-06,Lote-6988-EJ
275,2026-05-15,Lote-8145-Fj
481,2026-10-15,Lote-0137-ew
999,2026-05-03,Lote-2952-op
854,2025-08-18,Lote-6148-zC
165,2026-02-22,Lote-7301-RF
1562,2026-03-09,Lote-2542-Wu
2067,2024-04-15,Lote-1185-MS
2496,2024-03-30,Lote-9861-xJ
2042,2025-06-30,Lote-3701-Uf
2415,2026-02-25,Lote-0928-SF
220,2024-05-05,Lote-1266-rI
1063,2026-06-11,Lote-5566-Fp
1250,2025-05-27,Lote-0194-mH
204,2024-07-25,Lote-3782-AP
99,2025-06-23,Lote-4544-VM
884,2024-09-04,Lote-9861-YT
1438,2024-03-09,Lote-4619-gZ
423,2025-11-26,Lote-5467-Tj
1008,2024-12-27,Lote-4663-qL
442,2024-03-22,Lote-0359-nQ
1847,2025-04-29,Lote-1930-do
1755,2025-03-20,Lote-6940-Fk
1082,2024-05-29,Lote-1187-VM
2088,2024-05-19,Lote-7016-Kt
2120,2025-11-05,Lote-8898-Pc
576,2026-05-07,Lote-4541-sk
400,2025-06-07,Lote-0000-UO
1128,2024-03-31,Lote-7804-Cc
754,2026-11-25,Lote-8131-vV
362,2024-03-07,Lote-8364-oj
2108,2024-03-26,Lote-5449-cS
330,2026-07-26,Lote-3626-Wb
874,2025-02-25,Lote-0593-ER
587,2025-08-08,Lote-9266-KY
146,2025-03-26,Lote-2766-yz
187,2024-02-25,Lote-2279-OQ
1943,2025-10-22,Lote-4455-SN
140,2026-02-16,Lote-2506-DG
178,2024-08-03,Lote-8528-kL
2313,2026-03-20,Lote-6914-Tw
1524,2026-03-25,Lote-1827-so
176,2024-03-08,Lote-8894-wZ
384,2024-11-02,Lote-0843-tr
858,2026-04-13,Lote-7199-hD
817,2024-12-18,Lote-5117-Ds
2022,2026-11-09,Lote-4256-VC
822,2025-02-24,Lote-6013-Zc
1419,2026-04-24,Lote-5801-pQ
783,2024-10-01,Lote-8569-Xq
1,2024-12-11,Lote-0259-nM
910,2025-03-31,Lote-3631-uX
1671,2026-10-15,Lote-8825-uO
2166,2026-10-27,Lote-9583-Co
379,2024-09-08,Lote-4178-QH
423,2026-01-18,Lote-3454-Jw
1406,2024-05-12,Lote-8226-Jf
1237,2026-09-14,Lote-4819-uO
2187,2025-10-18,Lote-8090-AT
1784,2024-03-27,Lote-9410-MR
2281,2025-01-02,Lote-0415-Bf
1608,2024-02-02,Lote-3034-bF
1744,2025-12-13,Lote-4827-hY
379,2025-05-16,Lote-3719-Fr
476,2025-04-04,Lote-2980-Ko
55,2025-11-23,Lote-0560-UE
1493,2026-11-20,Lote-0106-ot
1698,2025-08-30,Lote-4590-Il
1354,2026-10-24,Lote-2215-Bv
855,2025-11-21,Lote-6186-RJ
2268,2024-06-18,Lote-7065-Gp
2196,2025-02-15,Lote-9391-tv
1540,2024-03-06,Lote-0737-Xt
262,2023-12-07,Lote-9183-rR
1343,2025-05-20,Lote-2173-Yc
413,2026-09-21,Lote-0978-tn
2372,2024-06-02,Lote-5722-NO
2361,2024-07-29,Lote-4696-UA
34,2025-08-06,Lote-1870-NN
2209,2026-11-10,Lote-8054-Zz
1893,2024-07-09,Lote-9263-kG
1694,2024-11-21,Lote-7571-dc
2009,2024-09-23,Lote-4162-JI
1863,2026-08-04,Lote-6937-ZH
819,2024-03-24,Lote-5162-Vt
300,2024-06-18,Lote-4808-kv
690,2025-08-17,Lote-9050-jJ
125,2024-12-31,Lote-5934-Cp
994,2026-09-18,Lote-1825-Dz
1851,2025-06-27,Lote-1973-At
2245,2025-12-04,Lote-4013-LC
2202,2025-10-23,Lote-7614-rx
637,2026-04-20,Lote-4176-ZC
1133,2026-03-30,Lote-6656-sj
1198,2026-07-17,Lote-5537-fm
1328,2025-11-14,Lote-4083-BQ
1650,2026-08-05,Lote-5284-wV
1120,2025-04-25,Lote-7737-zQ
448,2026-04-28,Lote-2854-FS
2490,2026-07-13,Lote-8341-Qo
2003,2024-02-26,Lote-9746-sy
1169,2026-09-13,Lote-0618-hN
501,2025-02-17,Lote-5622-ph
1575,2024-10-08,Lote-8494-Ix
903,2024-12-04,Lote-0886-Er
1135,2026-07-12,Lote-8723-cp
678,2024-11-02,Lote-0542-Ku
472,2026-08-18,Lote-1270-xq
270,2026-03-09,Lote-4690-cC
1269,2026-05-17,Lote-1522-HK
129,2026-07-16,Lote-0321-bt
30,2025-12-13,Lote-2182-VS
1414,2025-08-10,Lote-5906-WE
1633,2024-02-17,Lote-1608-ur
2096,2024-10-23,Lote-4859-CY
140,2024-09-04,Lote-9766-CV
1601,2023-12-13,Lote-0110-YC
542,2026-01-26,Lote-1949-mP
1744,2024-08-01,Lote-1285-py
1296,2026-04-12,Lote-2707-VO
270,2025-11-05,Lote-6575-qO
1495,2025-08-30,Lote-4559-zd
2469,2025-09-15,Lote-0298-zA
660,2026-03-31,Lote-5824-YF
1861,2025-06-24,Lote-7367-BW
594,2025-07-14,Lote-0991-dJ
532,2025-07-17,Lote-8967-vT
1862,2026-01-10,Lote-4848-wq
2391,2024-12-05,Lote-2550-Py
1489,2025-11-14,Lote-5496-sQ
1950,2025-11-07,Lote-1337-jE
2282,2024-07-14,Lote-0368-pM
7,2025-10-12,Lote-4001-MG
2416,2025-11-16,Lote-9995-se
911,2025-12-22,Lote-7077-gv
1290,2024-01-25,Lote-1884-jS
1941,2025-04-13,Lote-2241-Td
372,2026-07-20,Lote-9274-fI
825,2025-07-07,Lote-6095-Wp
1453,2026-09-22,Lote-0173-np
2375,2023-12-16,Lote-7125-Zg
1723,2025-12-02,Lote-8686-NV
1818,2025-09-10,Lote-3554-rR
1714,2025-08-07,Lote-3186-sS
2143,2026-03-09,Lote-5485-eW
738,2026-09-04,Lote-3585-vH
988,2025-08-23,Lote-7740-pV
757,2024-03-20,Lote-5438-II
2095,2026-06-09,Lote-6465-ii
326,2026-09-10,Lote-8178-bN
168,2025-01-30,Lote-1600-pg
1123,2026-04-06,Lote-0522-qm
2404,2026-06-02,Lote-6272-zr
2223,2026-07-26,Lote-5579-uW
471,2024-10-21,Lote-5814-GW
1872,2026-04-20,Lote-2346-Rp
2120,2025-04-17,Lote-5380-Gw
627,2025-06-14,Lote-6607-SR
689,2025-06-14,Lote-9417-eW
2373,2024-09-02,Lote-8495-OQ
2256,2025-04-15,Lote-7871-ZY
519,2024-11-09,Lote-3470-jq
788,2026-10-17,Lote-4219-oS
1848,2024-11-26,Lote-0028-oZ
733,2025-09-17,Lote-2664-my
3,2024-09-02,Lote-5315-Ov
1341,2025-02-06,Lote-5915-Zg
34,2025-06-12,Lote-1756-ew
2226,2026-03-10,Lote-8149-UU
98,2024-05-07,Lote-9438-pZ
2084,2026-07-13,Lote-5733-IH
514,2024-10-06,Lote-8476-Zc
477,2025-08-10,Lote-5208-Sy
1377,2026-08-27,Lote-4121-mp
976,2024-02-18,Lote-4959-Db
2483,2025-08-22,Lote-7891-po
1297,2025-05-09,Lote-7912-HC
1438,2024-08-10,Lote-2315-nL
2323,2024-05-05,Lote-1266-gZ
1298,2025-07-08,Lote-0495-pc
731,2026-10-04,Lote-0642-Mv
2156,2025-03-04,Lote-0223-Ez
477,2025-05-10,Lote-0530-GH
331,2023-12-30,Lote-7271-fb
1572,2026-09-21,Lote-4284-ra
1416,2025-11-23,Lote-6773-mI
1004,2024-02-19,Lote-4680-sZ
711,2025-02-04,Lote-6181-AK
224,2026-08-08,Lote-2153-SL
1099,2024-06-07,Lote-1699-Kj
575,2026-07-27,Lote-3694-sk
59,2024-08-08,Lote-6794-jl
2489,2026-10-24,Lote-6256-Tg
556,2026-02-10,Lote-7283-cm
1224,2024-02-22,Lote-6401-cV
1608,2025-12-15,Lote-6309-kt
1133,2026-02-08,Lote-3328-Md
758,2026-07-07,Lote-2992-oM
10,2026-11-19,Lote-0115-Hk
1892,2024-09-15,Lote-2575-Ko
1085,2023-12-19,Lote-5671-KC
1165,2024-02-10,Lote-4118-vu
762,2026-05-25,Lote-7465-Am
1002,2024-01-22,Lote-6799-ZL
1178,2025-09-22,Lote-4999-nb
911,2024-03-31,Lote-9261-cA
1444,2024-09-12,Lote-7521-uZ
1550,2024-06-10,Lote-5750-Ko
232,2024-01-01,Lote-9396-zV
2073,2025-04-06,Lote-3808-DR
2266,2024-03-23,Lote-2134-dG
1863,2025-12-21,Lote-1468-Bt
2023,2024-11-23,Lote-3384-ul
1622,2024-01-09,Lote-6482-SB
1207,2024-04-22,Lote-1569-uA
262,2025-03-03,Lote-3321-kb
506,2026-10-22,Lote-7130-Mw
2480,2024-03-12,Lote-2929-wD
872,2026-03-27,Lote-6664-FC
1830,2026-08-13,Lote-2013-rX
430,2024-09-10,Lote-4774-HK
1085,2025-04-25,Lote-2377-Mq
932,2025-09-18,Lote-1317-DD
949,2025-09-12,Lote-3558-sS
399,2024-02-04,Lote-9226-pv
1422,2024-11-15,Lote-1860-ZX
198,2025-06-17,Lote-8845-EW
2491,2024-09-04,Lote-4545-dQ
1864,2024-05-18,Lote-6988-pY
746,2025-05-01,Lote-1212-mz
415,2024-03-23,Lote-6947-dZ
148,2025-10-04,Lote-3334-zK
525,2024-06-11,Lote-0388-aH
1726,2026-09-15,Lote-6118-kn
826,2024-07-11,Lote-2234-nL
660,2026-07-25,Lote-4028-eb
2436,2026-07-30,Lote-6008-aY
156,2024-05-22,Lote-9816-vv
675,2025-02-06,Lote-3066-WU
1063,2025-06-03,Lote-0092-oY
992,2024-06-02,Lote-4551-wO
1656,2025-08-14,Lote-1028-Zr
1282,2024-02-25,Lote-5219-EL
2149,2024-04-11,Lote-9223-bz
1470,2026-10-04,Lote-8022-eL
2341,2024-01-06,Lote-0154-zN
1982,2025-06-21,Lote-2995-CS
1313,2023-12-15,Lote-0089-kT
2363,2026-02-14,Lote-6652-iB
634,2025-11-13,Lote-7274-Gl
1853,2026-05-24,Lote-7679-gj
305,2025-11-27,Lote-1822-lQ
1745,2026-02-11,Lote-9775-yU
181,2026-08-17,Lote-6050-uX
2168,2025-11-25,Lote-4347-Yo
2379,2026-04-30,Lote-9537-NF
460,2024-09-27,Lote-7066-hM
542,2025-11-20,Lote-9140-ph
2302,2025-06-30,Lote-2707-LC
990,2026-09-14,Lote-9754-Ho
1862,2026-06-13,Lote-2793-sp
2291,2026-06-09,Lote-8091-oV
248,2026-03-21,Lote-5036-HC
148,2025-04-12,Lote-4056-gx
914,2023-12-14,Lote-9225-QP
889,2025-05-23,Lote-6987-hJ
1146,2024-06-20,Lote-3707-HZ
814,2024-01-08,Lote-2383-WY
1172,2025-08-27,Lote-7954-Eq
2445,2024-12-25,Lote-1945-Zg
1640,2024-04-13,Lote-6194-ep
498,2024-12-21,Lote-5002-NU
1421,2026-03-01,Lote-5073-Ho
524,2024-07-10,Lote-0739-mZ
575,2026-03-05,Lote-7264-EH
847,2026-10-13,Lote-9268-PT
1610,2024-11-18,Lote-8745-gE
793,2026-03-19,Lote-6766-Av
763,2024-05-26,Lote-7422-MU
2276,2026-07-25,Lote-4024-AM
1603,2026-11-15,Lote-1651-lP
1908,2025-11-29,Lote-4241-nh
2018,2024-11-21,Lote-8927-Zg
1474,2025-06-02,Lote-9039-AW
715,2025-08-22,Lote-0870-Jh
1130,2024-11-29,Lote-1923-HI
1827,2024-02-18,Lote-6072-ty
1655,2025-01-09,Lote-2113-Zf
1569,2024-02-14,Lote-5575-jO
985,2026-08-26,Lote-2103-fl
835,2026-08-12,Lote-3765-kq
941,2026-11-17,Lote-8753-yg
83,2026-04-17,Lote-1322-AO
2473,2025-12-06,Lote-6903-uP
1561,2025-08-22,Lote-8737-Vt
1939,2026-07-28,Lote-4863-ot
18,2025-12-22,Lote-0754-bQ
1759,2026-09-05,Lote-3376-ca
874,2025-03-24,Lote-3555-PZ
2454,2025-11-18,Lote-3560-Oi
1012,2024-09-22,Lote-9126-Bb
2499,2026-01-12,Lote-8916-xl
734,2026-09-17,Lote-5000-Hg
834,2026-02-15,Lote-9915-lv
1774,2024-09-16,Lote-9529-Ai
152,2024-07-01,Lote-2499-xN
2476,2024-12-28,Lote-2257-ZC
2415,2026-03-19,Lote-8759-mp
1759,2026-09-03,Lote-1815-Pl
1032,2024-01-27,Lote-3103-zE
2350,2026-02-20,Lote-1075-DO
547,2025-09-03,Lote-7550-Vx
182,2024-05-16,Lote-3935-ur
2284,2025-04-23,Lote-5184-Ss
1497,2026-02-01,Lote-8178-uj
335,2025-03-10,Lote-3943-fE
117,2026-05-19,Lote-2896-ql
1835,2025-01-20,Lote-6701-Vq
375,2025-08-27,Lote-4954-OV
928,2025-06-06,Lote-7938-yt
1653,2024-04-27,Lote-2173-Lh
5,2024-12-11,Lote-6395-vX
1366,2024-06-12,Lote-2281-dS
2143,2025-09-04,Lote-7091-pE
475,2026-06-29,Lote-3021-cZ
1311,2026-09-23,Lote-2822-yL
1836,2024-11-23,Lote-9419-gj
1604,2025-10-20,Lote-1836-ui
2274,2026-07-15,Lote-5984-ey
2403,2024-06-19,Lote-4885-Ha
1002,2026-01-06,Lote-3079-fQ
86,2024-03-29,Lote-1281-tA
498,2026-08-22,Lote-6980-wm
889,2026-01-23,Lote-1838-ou
1373,2024-01-18,Lote-3126-pK
2373,2026-01-04,Lote-1657-eW
2476,2025-12-02,Lote-4909-CO
1828,2026-08-02,Lote-1297-eb
96,2024-03-12,Lote-6928-zB
1769,2024-01-23,Lote-7096-Eg
1915,2026-01-21,Lote-2769-xw
2331,2026-10-16,Lote-4033-QF
615,2025-04-21,Lote-8076-Id
481,2026-11-24,Lote-3793-OM
2348,2025-09-23,Lote-1758-iE
1676,2026-01-31,Lote-7901-jc
2135,2026-03-21,Lote-7492-Cm
2252,2026-11-22,Lote-1342-vW
426,2024-06-21,Lote-3115-DK
198,2023-12-28,Lote-8409-rZ
1844,2024-03-31,Lote-3875-dL
124,2025-10-31,Lote-4401-hK
1617,2024-04-13,Lote-3241-MB
1237,2025-12-30,Lote-0647-Fz
1315,2025-04-02,Lote-4093-Ke
1802,2024-09-10,Lote-0909-Zu
1029,2026-08-30,Lote-1895-xN
1772,2025-05-22,Lote-2839-gZ
1982,2026-01-11,Lote-1020-rF
1460,2026-08-22,Lote-9193-fE
1675,2024-12-22,Lote-2166-if
1411,2026-11-02,Lote-2539-iP
1256,2024-08-10,Lote-6155-Yc
1382,2026-08-25,Lote-9038-XD
2459,2024-06-01,Lote-3477-RA
2191,2024-11-13,Lote-6638-ae
1353,2024-08-22,Lote-3530-SN
2310,2025-05-26,Lote-5396-Sp
2020,2025-09-25,Lote-3111-gA
433,2026-01-11,Lote-5777-Ot
1860,2025-11-07,Lote-0777-Lw
415,2025-05-04,Lote-0200-Lf
1723,2024-10-07,Lote-2695-fV
788,2026-04-21,Lote-4347-QU
517,2026-06-01,Lote-9769-lO
1640,2024-04-15,Lote-1996-vI
1388,2024-07-14,Lote-1848-xw
172,2026-09-06,Lote-2475-jV
50,2025-09-05,Lote-5727-he
2201,2026-06-07,Lote-5112-CJ
2345,2026-11-27,Lote-8699-qo
2426,2026-09-14,Lote-0980-fK
152,2024-10-26,Lote-3251-rA
2350,2025-07-20,Lote-7973-lw
1557,2025-06-03,Lote-2941-kp
1082,2025-04-01,Lote-8083-Pl
185,2025-11-27,Lote-5247-Ew
299,2026-10-19,Lote-2502-fm
2334,2025-03-22,Lote-2943-oE
1717,2026-07-19,Lote-6429-EZ
1448,2024-07-16,Lote-7255-Pt
95,2026-07-20,Lote-6746-uq
1255,2026-08-10,Lote-8434-rp
150,2026-10-25,Lote-7486-fQ
1554,2023-12-15,Lote-0791-BH
1125,2024-02-18,Lote-9084-RP
2039,2026-10-09,Lote-3271-JY
1466,2025-09-29,Lote-1337-IU
307,2025-09-20,Lote-3477-Pf
1777,2026-03-06,Lote-6178-Ww
1234,2025-01-09,Lote-0058-fu
2051,2025-01-21,Lote-8004-bE
833,2023-12-10,Lote-8611-Xg
2209,2026-11-04,Lote-0582-JF
2458,2025-10-22,Lote-4563-bH
2054,2024-06-23,Lote-5569-Dv
1532,2025-01-29,Lote-2476-dc
2227,2024-04-22,Lote-7487-Fk
1837,2026-11-29,Lote-2409-sA
87,2024-09-27,Lote-9246-rh
115,2024-08-31,Lote-0440-Ey
2086,2025-11-01,Lote-2247-Ex
2104,2026-11-12,Lote-2098-YV
673,2024-09-04,Lote-9838-vb
514,2024-10-19,Lote-6542-TJ
387,2024-08-26,Lote-3975-CA
35,2026-08-25,Lote-3729-Xx
404,2024-09-27,Lote-9941-Do
2000,2026-05-29,Lote-6913-yY
843,2026-04-21,Lote-4761-gj
307,2025-11-30,Lote-7432-pV
936,2024-08-26,Lote-0341-Rk
1107,2024-11-03,Lote-1363-uc
2314,2024-07-09,Lote-4510-KL
1242,2025-12-28,Lote-0861-em
554,2026-07-31,Lote-6246-Vx
923,2026-08-31,Lote-7493-op
1671,2026-10-28,Lote-0360-xF
175,2025-11-15,Lote-4452-DD
1991,2025-10-01,Lote-9741-kd
75,2024-12-19,Lote-1400-SS
1344,2024-10-13,Lote-5298-aL
273,2026-01-31,Lote-9894-FY
352,2024-11-27,Lote-7555-Yg
2188,2025-10-21,Lote-8991-YJ
2403,2025-08-13,Lote-0910-ER
17,2025-02-08,Lote-9807-jj
1472,2024-05-23,Lote-0746-pD
1466,2026-10-09,Lote-4538-wj
250,2026-10-14,Lote-6514-kl
1650,2024-06-15,Lote-3537-jJ
948,2025-11-30,Lote-5164-Kt
2349,2024-03-09,Lote-8913-rt
1640,2025-10-22,Lote-0434-AV
808,2025-11-03,Lote-2460-cj
189,2024-01-20,Lote-0261-ku
1316,2026-01-14,Lote-1248-zN
1485,2026-08-17,Lote-9701-rK
2020,2025-05-09,Lote-0778-ye
890,2026-10-03,Lote-0911-Fk
1184,2026-06-03,Lote-4552-YM
1091,2024-08-01,Lote-7012-yv
1199,2024-09-10,Lote-4736-Uc
175,2024-02-04,Lote-9561-CO
1329,2024-06-10,Lote-3750-Qd
303,2026-11-24,Lote-2938-IS
718,2024-07-26,Lote-2371-UY
516,2024-01-04,Lote-5139-xS
1704,2024-03-06,Lote-1007-cq
760,2026-10-20,Lote-7208-DU
287,2024-12-23,Lote-3545-qU
1044,2024-11-29,Lote-7188-Eh
873,2025-06-29,Lote-2358-dr
1893,2026-04-25,Lote-6120-Kr
669,2026-01-15,Lote-0101-vh
396,2026-04-30,Lote-4563-Ka
2370,2024-03-07,Lote-6206-nF
1428,2024-10-02,Lote-7421-Kg
877,2024-02-17,Lote-3539-oI
1410,2024-09-25,Lote-4582-ia
1975,2024-08-10,Lote-8652-EP
2450,2025-05-09,Lote-9415-LJ
1060,2025-09-19,Lote-6948-QG
279,2026-06-01,Lote-2277-KR
1552,2025-07-03,Lote-0014-Aq
1273,2025-09-27,Lote-0271-xL
1658,2025-02-15,Lote-6230-ZL
963,2025-06-16,Lote-2194-Yz
631,2025-09-11,Lote-0284-zj
1015,2026-01-02,Lote-4401-AT
775,2026-08-12,Lote-3882-To
327,2026-10-04,Lote-2323-XL
1129,2025-11-25,Lote-9993-bc
1218,2026-11-07,Lote-4485-ip
205,2026-08-13,Lote-8471-aF
2069,2025-08-18,Lote-7607-fc
146,2025-02-15,Lote-0963-hm
2070,2025-07-02,Lote-9900-ve
1395,2025-02-04,Lote-3786-sC
1764,2025-11-02,Lote-0027-gP
2165,2026-01-08,Lote-5840-iX
1041,2024-07-28,Lote-7725-lD
2287,2025-06-01,Lote-3385-bw
1155,2025-06-17,Lote-2761-CF
1878,2026-08-31,Lote-6384-HC
946,2024-07-14,Lote-8327-Fw
969,2025-11-19,Lote-0400-sZ
1303,2024-11-18,Lote-1923-mn
815,2024-08-22,Lote-8721-ON
520,2024-11-28,Lote-5743-gY
79,2025-03-16,Lote-7750-vz
1575,2024-02-03,Lote-6077-tb
1418,2024-05-01,Lote-2612-aW
2479,2024-12-29,Lote-4005-iw
1983,2025-08-28,Lote-6203-Wo
292,2024-06-29,Lote-3222-kG
2333,2026-10-24,Lote-8708-fh
1823,2025-06-08,Lote-6892-Zj
520,2024-02-12,Lote-3137-Yg
606,2024-05-27,Lote-5602-nb
187,2024-03-07,Lote-5970-Nt
2454,2026-07-16,Lote-2679-cC
759,2023-12-11,Lote-4315-eE
234,2026-03-04,Lote-9945-GN
845,2024-06-08,Lote-0814-FL
748,2026-02-04,Lote-9652-SK
2386,2025-08-17,Lote-6113-So
2263,2024-08-24,Lote-0188-jU
2428,2025-04-05,Lote-2841-vu
1556,2025-01-18,Lote-0672-lH
265,2025-08-21,Lote-2322-CU
280,2025-04-07,Lote-5936-rF
322,2026-07-18,Lote-9593-ym
2404,2024-12-23,Lote-8996-fb
1253,2026-07-10,Lote-8660-on
1875,2026-02-12,Lote-1227-gq
955,2026-04-21,Lote-2924-Eh
375,2024-06-14,Lote-1998-bF
1798,2025-04-19,Lote-1549-UZ
1050,2026-05-12,Lote-2135-mK
351,2024-07-30,Lote-8048-ja
2193,2024-04-08,Lote-0817-Zn
369,2026-02-11,Lote-0415-Rt
2218,2026-06-11,Lote-3920-DZ
1970,2024-07-06,Lote-4896-EA
906,2024-06-09,Lote-6182-bn
2264,2025-02-02,Lote-7876-Tr
2138,2025-01-28,Lote-4328-OD
1196,2024-01-31,Lote-9194-sr
1160,2026-05-23,Lote-3845-eU
194,2026-07-24,Lote-6117-Ii
2487,2025-11-11,Lote-0747-hl
1680,2025-10-23,Lote-6955-ng
519,2025-11-10,Lote-5782-un
10,2025-12-23,Lote-0794-Tc
187,2025-06-18,Lote-2382-mP
776,2024-10-12,Lote-8252-DG
1730,2024-02-20,Lote-9795-vR
1305,2024-11-25,Lote-2814-kw
1328,2024-10-02,Lote-7107-dC
1107,2026-05-10,Lote-2375-HB
122,2025-11-03,Lote-7098-Yq
2020,2025-09-18,Lote-3288-vP
1059,2026-05-15,Lote-5509-vL
358,2025-07-06,Lote-4562-RX
862,2026-05-17,Lote-2615-ZD
1286,2024-04-28,Lote-7555-sD
706,2025-07-19,Lote-7483-gH
2211,2025-11-24,Lote-4937-JY
1418,2026-01-13,Lote-0825-wK
58,2025-12-01,Lote-5113-Ly
1661,2025-11-21,Lote-1840-rC
410,2024-05-09,Lote-9976-PK
2015,2024-11-11,Lote-3837-lp
302,2025-04-09,Lote-7361-Bl
1623,2026-07-05,Lote-9939-ii
2447,2026-04-27,Lote-9202-mi
1201,2026-03-20,Lote-4930-My
2379,2024-01-16,Lote-5080-Zx
776,2026-08-20,Lote-2358-Nd
1114,2026-11-26,Lote-3220-Pg
2356,2024-02-28,Lote-5823-CW
2330,2025-02-12,Lote-3888-zS
1618,2026-06-25,Lote-9743-uJ
2457,2025-08-02,Lote-4152-SG
866,2024-04-01,Lote-8563-EH
2112,2025-11-06,Lote-6533-Ji
111,2025-03-24,Lote-4107-Fz
1257,2026-09-03,Lote-9773-Sb
1260,2026-10-09,Lote-1574-MF
548,2026-11-26,Lote-4220-bu
1304,2024-11-06,Lote-5885-ww
2452,2026-07-29,Lote-7476-nM
758,2025-05-26,Lote-6202-GP
1298,2025-07-15,Lote-9524-Ia
1753,2023-12-31,Lote-7985-Jh
323,2025-10-24,Lote-5490-oD
549,2026-04-04,Lote-3239-dz
798,2025-01-17,Lote-0381-HB
1994,2024-06-29,Lote-7736-Lp
84,2026-08-02,Lote-0799-vA
1017,2026-11-26,Lote-3300-We
301,2025-12-23,Lote-0346-mt
1750,2025-01-28,Lote-0093-nN
1235,2024-05-08,Lote-3942-cW
957,2026-03-23,Lote-5774-CE
1962,2025-11-16,Lote-8090-YS
1608,2025-09-23,Lote-1186-fL
1385,2024-10-31,Lote-6537-lP
2481,2026-07-08,Lote-9462-yW
2177,2024-07-05,Lote-0422-BI
204,2026-05-29,Lote-0222-jt
